{
    "egodex": {
        "min": [
            -0.671011745929718,
            0.024740377441048622,
            -1.102452278137207,
            -0.9963875412940979,
            -0.9918141961097717,
            -0.9999986886978149,
            -0.9751877784729004,
            -0.999996542930603,
            -0.9999149441719055,
            -0.6597398519515991,
            0.021921386942267418,
            -1.1680412292480469,
            -0.713560163974762,
            0.0005906092119403183,
            -1.2157840728759766,
            -0.7270235419273376,
            -0.010862643830478191,
            -1.226905107498169,
            -0.7323482632637024,
            -0.018982209265232086,
            -1.2068915367126465,
            -0.7240068316459656,
            -0.015545640140771866,
            -1.1847385168075562,
            -0.5978672504425049,
            0.022314611822366714,
            -1.1137205362319946,
            -0.9996748566627502,
            -0.9999968409538269,
            -0.9994887113571167,
            -0.947016179561615,
            -0.9975566267967224,
            -0.9993801116943359,
            -0.7140468955039978,
            0.0040413858368992805,
            -1.2419899702072144,
            -0.7406082153320312,
            -0.004617017228156328,
            -1.27509343624115,
            -0.7421267032623291,
            -0.02402767911553383,
            -1.277959942817688,
            -0.7302654385566711,
            -0.018266448751091957,
            -1.264764666557312,
            -0.7117982506752014,
            -0.014889288693666458,
            -1.240433692932129
        ],
        "max": [
            1.166250467300415,
            1.8254038095474243,
            1.25966215133667,
            0.9999517798423767,
            0.9999589920043945,
            0.9590060114860535,
            0.9999996423721313,
            0.9994655847549438,
            0.9999995231628418,
            1.0300077199935913,
            1.9260331392288208,
            1.2501808404922485,
            1.0058842897415161,
            1.9131481647491455,
            1.3213366270065308,
            1.0037559270858765,
            1.8927065134048462,
            1.3408904075622559,
            1.0214850902557373,
            1.888889193534851,
            1.3550821542739868,
            1.0563334226608276,
            1.871743083000183,
            1.3629698753356934,
            0.9131680130958557,
            2.000013589859009,
            1.2594915628433228,
            0.9999754428863525,
            0.9725211262702942,
            0.9999990463256836,
            0.9999980330467224,
            0.9999996423721313,
            0.9998183250427246,
            0.9892149567604065,
            2.1338114738464355,
            1.3613708019256592,
            0.9561664462089539,
            2.169952154159546,
            1.3992899656295776,
            0.93198561668396,
            2.1762192249298096,
            1.4027023315429688,
            0.9153918027877808,
            2.1610422134399414,
            1.3751314878463745,
            0.8883695006370544,
            2.1299524307250977,
            1.368500828742981
        ]
    }
}